id_mutation,date_mutation,numero_disposition,nature_mutation,valeur_fonciere,adresse_numero,adresse_suffixe,adresse_nom_voie,adresse_code_voie,code_postal,code_commune,nom_commune,code_departement,ancien_code_commune,ancien_nom_commune,id_parcelle,ancien_id_parcelle,numero_volume,lot1_numero,lot1_surface_carrez,lot2_numero,lot2_surface_carrez,lot3_numero,lot3_surface_carrez,lot4_numero,lot4_surface_carrez,lot5_numero,lot5_surface_carrez,nombre_lots,code_type_local,type_local,surface_reelle_bati,nombre_pieces_principales,code_nature_culture,nature_culture,code_nature_culture_speciale,nature_culture_speciale,surface_terrain,longitude,latitude
2025-10,2025-01-09,000001,Vente,1165000,171,,RUE DES MORILLES,0245,01710,01419,Thoiry,01,,,01419000BT0214,,,,,,,,,,,,,0,3,Dépendance,,0,S,sols,,,860,5.981131,46.243443
2025-10,2025-01-09,000001,Vente,1165000,171,,RUE DES MORILLES,0245,01710,01419,Thoiry,01,,,01419000BT0214,,,,,,,,,,,,,0,1,Maison,190,5,S,sols,,,860,5.981131,46.243443
2025-10,2025-01-09,000001,Vente,1165000,171,,RUE DES MORILLES,0245,01710,01419,Thoiry,01,,,01419000BT0214,,,,,,,,,,,,,0,3,Dépendance,,0,S,sols,,,860,5.981131,46.243443
2025-77,2025-01-09,000001,Vente,586400,,,LA COLLONGE,B039,01710,01419,Thoiry,01,,,01419000BD0037,,,,,,,,,,,,,0,,,,,P,prés,,,411,5.966376,46.223852
2025-77,2025-01-09,000001,Vente,586400,56,,RUE DU PARAY,0268,01710,01419,Thoiry,01,,,01419000BD4157,,,,,,,,,,,,,0,1,Maison,113,6,S,sols,,,743,5.966507,46.223864
2025-683,2025-01-17,000001,Vente,398000,27,,RUE DES VERGERS,0367,01710,01419,Thoiry,01,,,01419000BO0052,,,99,,,,,,,,,,1,3,Dépendance,,0,,,,,,5.976037,46.23651
2025-683,2025-01-17,000001,Vente,398000,75,,RUE DES VERGERS,0367,01710,01419,Thoiry,01,,,01419000BO0052,,,52,77.61,7,,,,,,,,2,3,Dépendance,,0,,,,,,5.976037,46.23651
2025-683,2025-01-17,000001,Vente,398000,75,,RUE DES VERGERS,0367,01710,01419,Thoiry,01,,,01419000BO0052,,,52,77.61,7,,,,,,,,2,2,Appartement,73,3,,,,,,5.976037,46.23651
2025-841,2025-01-30,000001,Vente,210000,45,,RUE DES VERGERS,0367,01710,01419,Thoiry,01,,,01419000BO0052,,,141,,,,,,,,,,1,3,Dépendance,,0,,,,,,5.976037,46.23651
2025-841,2025-01-30,000001,Vente,210000,45,,RUE DES VERGERS,0367,01710,01419,Thoiry,01,,,01419000BO0052,,,121,,162,42.92,,,,,,,2,2,Appartement,43,2,,,,,,5.976037,46.23651
2025-994,2025-01-29,000001,Vente,449000,557,,RUE BRIAND STRESEMANN,0038,01710,01419,Thoiry,01,,,01419000BN0012,,,,,,,,,,,,,0,1,Maison,107,6,S,sols,,,593,5.979204,46.233657
2025-994,2025-01-29,000001,Vente,449000,,,THOIRY,B150,01710,01419,Thoiry,01,,,01419000BN0111,,,,,,,,,,,,,0,,,,,S,sols,,,71,5.979035,46.233623
2025-1127,2025-02-11,000001,Vente,259800,75,,RUE DES VERGERS,0367,01710,01419,Thoiry,01,,,01419000BO0052,,,26,,,,,,,,,,1,3,Dépendance,,0,,,,,,5.976037,46.23651
2025-1127,2025-02-11,000001,Vente,259800,75,,RUE DES VERGERS,0367,01710,01419,Thoiry,01,,,01419000BO0052,,,12,,47,55.6,,,,,,,2,2,Appartement,56,3,,,,,,5.976037,46.23651
2025-1164,2025-01-09,000005,Echange,188910,,,SUR LE CREUX,B042,01710,01419,Thoiry,01,,,01419000AY0016,,,,,,,,,,,,,0,,,,,T,terres,,,6297,5.985599,46.233336
2025-1164,2025-01-09,000006,Echange,188910,,,SUR LE CREUX,B042,01710,01419,Thoiry,01,,,01419000AY0140,,,,,,,,,,,,,0,,,,,T,terres,,,5577,5.988377,46.232815
2025-1164,2025-01-09,000006,Echange,188910,,,VERS LA CARRIERE,B158,01710,01419,Thoiry,01,,,014190000G0691,,,,,,,,,,,,,0,,,,,P,prés,,,710,5.968141,46.243049
2025-1164,2025-01-09,000006,Echange,188910,,,VERS LA CARRIERE,B158,01710,01419,Thoiry,01,,,014190000G1393,,,,,,,,,,,,,0,,,,,L,landes,,,1112,5.966099,46.241354
2025-1164,2025-01-09,000006,Echange,188910,,,VERS LA CARRIERE,B158,01710,01419,Thoiry,01,,,014190000G2456,,,,,,,,,,,,,0,,,,,BM,futaies mixtes,,,4000,5.968041,46.243337
2025-1164,2025-01-09,000006,Echange,188910,,,VERS LA CARRIERE,B158,01710,01419,Thoiry,01,,,014190000G2458,,,,,,,,,,,,,0,,,,,L,landes,,,2863,5.967937,46.242926
2025-1164,2025-01-09,000006,Echange,188910,,,VERS LA CARRIERE,B158,01710,01419,Thoiry,01,,,014190000G2460,,,,,,,,,,,,,0,,,,,P,prés,,,11043,5.967284,46.242632
2025-1164,2025-01-09,000006,Echange,188910,,,MOLIE,B086,01710,01419,Thoiry,01,,,014190000G2463,,,,,,,,,,,,,0,,,,,L,landes,,,8934,5.966132,46.24059
2025-1164,2025-01-09,000006,Echange,188910,,,MOLIE,B086,01710,01419,Thoiry,01,,,014190000G2464,,,,,,,,,,,,,0,,,,,L,landes,,,23177,5.964497,46.240046
2025-1164,2025-01-09,000006,Echange,188910,,,EN BASSE RUCHE,B009,01710,01419,Thoiry,01,,,014190000G2466,,,,,,,,,,,,,0,,,,,L,landes,,,48408,5.9613,46.239703
2025-1164,2025-01-09,000006,Echange,188910,,,EN BASSE RUCHE,B009,01710,01419,Thoiry,01,,,014190000G2468,,,,,,,,,,,,,0,,,,,L,landes,,,43710,5.960646,46.238564
2025-1327,2025-02-26,000001,Vente,860000,257,,RUE DES HAUTS DE THOIRY,0179,01710,01419,Thoiry,01,,,01419000BR0112,,,,,,,,,,,,,0,1,Maison,380,7,S,sols,,,2044,5.971784,46.240584
2025-1327,2025-02-26,000001,Vente,860000,257,,RUE DES HAUTS DE THOIRY,0179,01710,01419,Thoiry,01,,,01419000BR0112,,,,,,,,,,,,,0,3,Dépendance,,0,S,sols,,,2044,5.971784,46.240584
2025-1387,2025-02-28,000001,Vente,750000,,,PRE DE L HOUCHE,B120,01710,01419,Thoiry,01,,,01419000BW0090,,,,,,,,,,,,,0,,,,,S,sols,,,1539,5.985742,46.243101
2025-1387,2025-02-28,000001,Vente,750000,119,,RUE CLOS DES TILLEULS,0064,01710,01419,Thoiry,01,,,01419000BW0094,,,,,,,,,,,,,0,1,Maison,156,7,S,sols,,,1000,5.985771,46.243586
2025-1497,2025-02-03,000001,Vente,612600,6,,RUE DES PRIMEVERES,0300,01710,01419,Thoiry,01,,,01419000BO0353,,,,,,,,,,,,,0,1,Maison,136,6,S,sols,,,928,5.976242,46.234031
2025-1545,2025-02-17,000001,Vente,120000,81,,PL DE LA MAIRIE,0206,01710,01419,Thoiry,01,,,01419000BN0036,,,103,59,,,,,,,,,1,4,Local industriel. commercial ou assimilé,59,0,,,,,,5.980747,46.235901
2025-1556,2025-03-05,000001,Vente,46000,185,,AV DU MONT BLANC,0234,01710,01419,Thoiry,01,,,01419000AE0066,,,87,,,,,,,,,,1,4,Local industriel. commercial ou assimilé,25,0,,,,,,6.010126,46.237455
2025-1581,2025-02-10,000001,Vente,375000,80,,RUE DU PETIT CHAMP,0275,01710,01419,Thoiry,01,,,01419000BR0100,,,4,94.35,,,,,,,,,1,1,Maison,102,4,,,,,,5.973763,46.241432
2025-1696,2025-02-20,000001,Vente,457800,3,,RUE DE LA BELETTE,0016,01710,01419,Thoiry,01,,,01419000BP0069,,,2,119.3,,,,,,,,,1,1,Maison,120,4,,,,,,5.971593,46.238469
2025-1696,2025-02-20,000001,Vente,457800,,,FERGOT,B055,01710,01419,Thoiry,01,,,01419000BP0070,,,,,,,,,,,,,0,,,,,S,sols,,,863,5.971879,46.238636
2025-1696,2025-02-20,000001,Vente,457800,,,FERGOT,B055,01710,01419,Thoiry,01,,,01419000BP0072,,,,,,,,,,,,,0,,,,,S,sols,,,205,5.972246,46.238876
2025-1727,2025-02-21,000001,Vente,754631,255,,RUE DES RAIRETS,0317,01710,01419,Thoiry,01,,,01419000BL0108,,,,,,,,,,,,,0,1,Maison,146,4,S,sols,,,720,5.972642,46.232254
2025-2083,2025-03-05,000001,Vente,950000,,,CHAMP DE LA CROIX,B024,01710,01419,Thoiry,01,,,01419000BM0023,,,,,,,,,,,,,0,,,,,S,sols,,,115,5.973137,46.231757
2025-2083,2025-03-05,000001,Vente,950000,,,CHAMP DE LA CROIX,B024,01710,01419,Thoiry,01,,,01419000BM0024,,,,,,,,,,,,,0,,,,,S,sols,,,62,5.973178,46.231838
2025-2083,2025-03-05,000001,Vente,950000,,,CHAMP DE LA CROIX,B024,01710,01419,Thoiry,01,,,01419000BM0025,,,,,,,,,,,,,0,,,,,S,sols,,,109,5.973248,46.231882
2025-2083,2025-03-05,000001,Vente,950000,,,CHAMP DE LA CROIX,B024,01710,01419,Thoiry,01,,,01419000BM0026,,,,,,,,,,,,,0,,,,,S,sols,,,20,5.973633,46.231904
2025-2083,2025-03-05,000001,Vente,950000,,,CHAMP DE LA CROIX,B024,01710,01419,Thoiry,01,,,01419000BM0027,,,,,,,,,,,,,0,,,,,S,sols,,,557,5.973406,46.231843
2025-2083,2025-03-05,000001,Vente,950000,,,CHAMP DE LA CROIX,B024,01710,01419,Thoiry,01,,,01419000BM0028,,,,,,,,,,,,,0,,,,,S,sols,,,169,5.973377,46.231733
2025-2083,2025-03-05,000001,Vente,950000,420,,RUE DES TAMARIS,0347,01710,01419,Thoiry,01,,,01419000BM0029,,,,,,,,,,,,,0,1,Maison,212,5,S,sols,,,304,5.973318,46.231666
2025-2083,2025-03-05,000001,Vente,950000,,,CHAMP DE LA CROIX,B024,01710,01419,Thoiry,01,,,01419000BM0030,,,,,,,,,,,,,0,,,,,S,sols,,,61,5.973489,46.231539
2025-2083,2025-03-05,000001,Vente,950000,,,CHAMP DE LA CROIX,B024,01710,01419,Thoiry,01,,,01419000BM0031,,,,,,,,,,,,,0,,,,,S,sols,,,39,5.973625,46.231472
2025-2164,2025-03-13,000001,Vente,316400,464,,RUE DU BREU,0033,01710,01419,Thoiry,01,,,01419000BN0164,,,51,,,,,,,,,,1,3,Dépendance,,0,,,,,,5.980102,46.232378
2025-2164,2025-03-13,000001,Vente,316400,464,,RUE DU BREU,0033,01710,01419,Thoiry,01,,,01419000BN0164,,,14,66.22,,,,,,,,,1,2,Appartement,68,3,,,,,,5.980102,46.232378
2025-2245,2025-03-14,000001,Vente,4560000,,,PRE DE FONTAINE,B119,01710,01419,Thoiry,01,,,01419000AW0025,,,,,,,,,,,,,0,,,,,AB,terrains a bâtir,,,21026,5.988416,46.227629
2025-2245,2025-03-14,000001,Vente,4560000,,,PRE DE FONTAINE,B119,01710,01419,Thoiry,01,,,01419000AW0026,,,,,,,,,,,,,0,,,,,AB,terrains a bâtir,,,17512,5.988692,46.228423
2025-2245,2025-03-14,000001,Vente,4560000,,,PRE DE FONTAINE,B119,01710,01419,Thoiry,01,,,01419000AW0029,,,,,,,,,,,,,0,,,,,AB,terrains a bâtir,,,10707,5.990693,46.227285
2025-2267,2025-03-14,000001,Vente,535000,40,,IMP DE CHAMPAGNE,0045,01710,01419,Thoiry,01,,,01419000BO0584,,,,,,,,,,,,,0,3,Dépendance,,0,S,sols,,,187,5.975633,46.238527
2025-2267,2025-03-14,000001,Vente,535000,,,THOIRY,B150,01710,01419,Thoiry,01,,,01419000BO0587,,,,,,,,,,,,,0,,,,,S,sols,,,6,5.975825,46.23847
2025-2267,2025-03-14,000001,Vente,535000,,,THOIRY,B150,01710,01419,Thoiry,01,,,01419000BO0590,,,,,,,,,,,,,0,,,,,S,sols,,,68,5.975763,46.238448
2025-2267,2025-03-14,000001,Vente,535000,,,THOIRY,B150,01710,01419,Thoiry,01,,,01419000BO0593,,,,,,,,,,,,,0,,,,,S,sols,,,43,5.975598,46.238539
2025-2267,2025-03-14,000001,Vente,535000,,,THOIRY,B150,01710,01419,Thoiry,01,,,01419000BO0594,,,,,,,,,,,,,0,,,,,S,sols,,,53,5.975449,46.238635
2025-2446,2025-03-31,000001,Vente,449000,6066,,RUE DES BATTOIRS,0018,01710,01419,Thoiry,01,,,01419000BV0033,,,36,,61,85.42,,,,,,,2,3,Dépendance,,0,,,,,,5.984779,46.242074
2025-2446,2025-03-31,000001,Vente,449000,6066,,RUE DES BATTOIRS,0018,01710,01419,Thoiry,01,,,01419000BV0033,,,44,,,,,,,,,,1,3,Dépendance,,0,,,,,,5.984779,46.242074
2025-2446,2025-03-31,000001,Vente,449000,6066,,RUE DES BATTOIRS,0018,01710,01419,Thoiry,01,,,01419000BV0033,,,36,,61,85.42,,,,,,,2,2,Appartement,88,4,,,,,,5.984779,46.242074
2025-2447,2025-03-31,000001,Vente,470000,5001,,RUE DU CLOS DE LA BERGERIE,0017,01710,01419,Thoiry,01,,,01419000AA0074,,,2,114.63,,,,,,,,,1,1,Maison,116,5,,,,,,5.990289,46.252145
2025-2716,2025-02-26,000001,Vente,980000,,,ALLEMOGNE,B003,01710,01419,Thoiry,01,,,01419000AB0321,,,5,,,,,,,,,,1,3,Dépendance,,0,,,,,,5.98474,46.248896
2025-2716,2025-02-26,000001,Vente,980000,,,ALLEMOGNE,B003,01710,01419,Thoiry,01,,,01419000AB0321,,,4,,,,,,,,,,1,3,Dépendance,,0,,,,,,5.98474,46.248896
2025-2716,2025-02-26,000001,Vente,980000,,,ALLEMOGNE,B003,01710,01419,Thoiry,01,,,01419000AB0321,,,3,201.9,,,,,,,,,1,2,Appartement,149,6,,,,,,5.98474,46.248896
2025-2970,2025-03-17,000001,Vente,190000,464,,RUE DU BREU,0033,01710,01419,Thoiry,01,,,01419000BN0164,,,2,38.32,,,,,,,,,1,2,Appartement,38,2,,,,,,5.980102,46.232378
2025-2970,2025-03-17,000001,Vente,190000,464,,RUE DU BREU,0033,01710,01419,Thoiry,01,,,01419000BN0164,,,46,,,,,,,,,,1,3,Dépendance,,0,,,,,,5.980102,46.232378
2025-2979,2025-04-04,000001,Vente,237735.84,704,,RUE BRIAND STRESEMANN,0038,01710,01419,Thoiry,01,,,01419000BO0444,,,137,,,,,,,,,,1,3,Dépendance,,0,,,,,,5.978623,46.233755
2025-2979,2025-04-04,000001,Vente,237735.84,704,,RUE BRIAND STRESEMANN,0038,01710,01419,Thoiry,01,,,01419000BO0444,,,86,,,,,,,,,,1,3,Dépendance,,0,,,,,,5.978623,46.233755
2025-2979,2025-04-04,000001,Vente,237735.84,704,,RUE BRIAND STRESEMANN,0038,01710,01419,Thoiry,01,,,01419000BO0444,,,46,50.4,57,,,,,,,,2,2,Appartement,50,2,,,,,,5.978623,46.233755
2025-3356,2025-04-18,000001,Vente,545600,250,A,RUE DE PIERRAZ FRETTAZ,0282,01710,01419,Thoiry,01,,,01419000BM0168,,,,,,,,,,,,,0,1,Maison,90,4,S,sols,,,359,5.977467,46.229732
2025-3356,2025-04-18,000001,Vente,545600,250,A,RUE DE PIERRAZ FRETTAZ,0282,01710,01419,Thoiry,01,,,01419000BM0168,,,,,,,,,,,,,0,3,Dépendance,,0,S,sols,,,359,5.977467,46.229732
2025-3366,2025-04-18,000001,Vente,490000,38,,RUE DE CRETE,0070,01710,01419,Thoiry,01,,,01419000BD4130,,,,,,,,,,,,,0,1,Maison,135,2,S,sols,,,165,5.965377,46.222429
2025-3366,2025-04-18,000001,Vente,490000,,,FENIERES,B053,01710,01419,Thoiry,01,,,01419000BD4136,,,,,,,,,,,,,0,,,,,S,sols,,,28,5.965336,46.222494
2025-3422,2025-04-14,000001,Vente,779000,32,,RUE DES CHATAIGNIERS,0047,01710,01419,Thoiry,01,,,01419000BE0018,,,,,,,,,,,,,0,1,Maison,140,6,S,sols,,,820,5.967595,46.226032
2025-3508,2025-04-09,000001,Vente,293000,464,,RUE DU BREU,0033,01710,01419,Thoiry,01,,,01419000BN0164,,,4,57.89,,,,,,,,,1,2,Appartement,57,3,,,,,,5.980102,46.232378
2025-3508,2025-04-09,000001,Vente,293000,464,,RUE DU BREU,0033,01710,01419,Thoiry,01,,,01419000BN0164,,,41,,,,,,,,,,1,3,Dépendance,,0,,,,,,5.980102,46.232378
2025-3531,2025-03-11,000002,Vente,950000,156,,RUE DU BREU,0033,01710,01419,Thoiry,01,,,01419000BN0226,,,,,,,,,,,,,0,1,Maison,97,5,,,,,,5.980785,46.233429
2025-3571,2025-04-03,000001,Vente,1285183,88,,RUE DU BOUT DES CHAMPS,0028,01710,01419,Thoiry,01,,,01419000AB0057,,,,,,,,,,,,,0,1,Maison,192,8,S,sols,,,1600,5.98635,46.249644
2025-3571,2025-04-03,000001,Vente,1285183,88,,RUE DU BOUT DES CHAMPS,0028,01710,01419,Thoiry,01,,,01419000AB0057,,,,,,,,,,,,,0,3,Dépendance,,0,S,sols,,,1600,5.98635,46.249644
2025-3571,2025-04-03,000001,Vente,1285183,88,,RUE DU BOUT DES CHAMPS,0028,01710,01419,Thoiry,01,,,01419000AB0057,,,,,,,,,,,,,0,3,Dépendance,,0,S,sols,,,1600,5.98635,46.249644
2025-3571,2025-04-03,000001,Vente,1285183,,,ALLEMOGNE,B003,01710,01419,Thoiry,01,,,01419000AB0058,,,,,,,,,,,,,0,,,,,S,sols,,,383,5.986191,46.249925
2025-3571,2025-04-03,000001,Vente,1285183,,,ALLEMOGNE,B003,01710,01419,Thoiry,01,,,01419000AB0058,,,,,,,,,,,,,0,,,,,J,jardins,,,881,5.986191,46.249925
2025-3571,2025-04-03,000001,Vente,1285183,,,ALLEMOGNE,B003,01710,01419,Thoiry,01,,,01419000AB0058,,,,,,,,,,,,,0,,,,,P,prés,,,3006,5.986191,46.249925
2025-3571,2025-04-03,000001,Vente,1285183,,,ALLEMOGNE,B003,01710,01419,Thoiry,01,,,01419000AB0059,,,,,,,,,,,,,0,,,,,BT,taillis simples,,,917,5.987146,46.25125
2025-3571,2025-04-03,000001,Vente,1285183,,,ALLEMOGNE,B003,01710,01419,Thoiry,01,,,01419000AB0059,,,,,,,,,,,,,0,,,,,P,prés,,,8010,5.987146,46.25125
2025-3571,2025-04-03,000001,Vente,1285183,,,ALLEMOGNE,B003,01710,01419,Thoiry,01,,,01419000AB0060,,,,,,,,,,,,,0,,,,,BT,taillis simples,,,325,5.987394,46.250699
2025-3571,2025-04-03,000001,Vente,1285183,,,ALLEMOGNE,B003,01710,01419,Thoiry,01,,,01419000AB0060,,,,,,,,,,,,,0,,,,,J,jardins,,,232,5.987394,46.250699
2025-3571,2025-04-03,000001,Vente,1285183,,,ALLEMOGNE,B003,01710,01419,Thoiry,01,,,01419000AB0060,,,,,,,,,,,,,0,,,,,T,terres,,,1860,5.987394,46.250699
2025-3571,2025-04-03,000001,Vente,1285183,,,ALLEMOGNE,B003,01710,01419,Thoiry,01,,,01419000AB0061,,,,,,,,,,,,,0,,,,,J,jardins,,,368,5.987572,46.250619
2025-3571,2025-04-03,000001,Vente,1285183,,,ALLEMOGNE,B003,01710,01419,Thoiry,01,,,01419000AB0061,,,,,,,,,,,,,0,,,,,T,terres,,,1647,5.987572,46.250619
2025-3571,2025-04-03,000001,Vente,1285183,,,ALLEMOGNE,B003,01710,01419,Thoiry,01,,,01419000AB0061,,,,,,,,,,,,,0,,,,,BT,taillis simples,,,261,5.987572,46.250619
2025-3571,2025-04-03,000001,Vente,1285183,,,ALLEMOGNE,B003,01710,01419,Thoiry,01,,,01419000AB0062,,,,,,,,,,,,,0,,,,,BT,taillis simples,,,198,5.987898,46.250806
2025-3571,2025-04-03,000001,Vente,1285183,,,ALLEMOGNE,B003,01710,01419,Thoiry,01,,,01419000AB0062,,,,,,,,,,,,,0,,,,,T,terres,,,1075,5.987898,46.250806
2025-3571,2025-04-03,000001,Vente,1285183,,,ALLEMOGNE,B003,01710,01419,Thoiry,01,,,01419000AB0063,,,,,,,,,,,,,0,,,,,BT,taillis simples,,,215,5.987933,46.250541
2025-3571,2025-04-03,000001,Vente,1285183,,,ALLEMOGNE,B003,01710,01419,Thoiry,01,,,01419000AB0063,,,,,,,,,,,,,0,,,,,T,terres,,,1366,5.987933,46.250541
2025-3571,2025-04-03,000001,Vente,1285183,,,ALLEMOGNE,B003,01710,01419,Thoiry,01,,,01419000AB0064,,,,,,,,,,,,,0,,,,,T,terres,,,796,5.987352,46.250041
2025-3571,2025-04-03,000001,Vente,1285183,,,ALLEMOGNE,B003,01710,01419,Thoiry,01,,,01419000AB0064,,,,,,,,,,,,,0,,,,,J,jardins,,,136,5.987352,46.250041
2025-3571,2025-04-03,000001,Vente,1285183,,,ALLEMOGNE,B003,01710,01419,Thoiry,01,,,01419000AB0065,,,,,,,,,,,,,0,,,,,S,sols,,,192,5.987349,46.249915
2025-3571,2025-04-03,000001,Vente,1285183,,,ALLEMOGNE,B003,01710,01419,Thoiry,01,,,01419000AB0065,,,,,,,,,,,,,0,,,,,T,terres,,,1445,5.987349,46.249915
2025-3571,2025-04-03,000001,Vente,1285183,,,ALLEMOGNE,B003,01710,01419,Thoiry,01,,,01419000AB0066,,,,,,,,,,,,,0,,,,,T,terres,,,1754,5.986835,46.249598
2025-3571,2025-04-03,000001,Vente,1285183,,,ALLEMOGNE,B003,01710,01419,Thoiry,01,,,01419000AB0066,,,,,,,,,,,,,0,,,,,S,sols,,,853,5.986835,46.249598
2025-3814,2025-04-14,000001,Vente,475000,,,LA COLLONGE,B039,01710,01419,Thoiry,01,,,01419000BE0273,,,,,,,,,,,,,0,,,,,P,prés,,,205,5.966611,46.226142
2025-3814,2025-04-14,000001,Vente,475000,,,LA COLLONGE,B039,01710,01419,Thoiry,01,,,01419000BE0274,,,,,,,,,,,,,0,,,,,P,prés,,,749,5.966848,46.226059
2025-3817,2025-05-06,000001,Vente,3334080,,,LES MALLADIERES,B078,01710,01419,Thoiry,01,,,01419000BT0410,,,,,,,,,,,,,0,,,,,P,prés,,,203,5.981239,46.244219
2025-3817,2025-05-06,000001,Vente,3334080,,,LES MALLADIERES,B078,01710,01419,Thoiry,01,,,01419000BT0414,,,,,,,,,,,,,0,,,,,T,terres,,,7,5.981305,46.244304
2025-3817,2025-05-06,000001,Vente,3334080,,,LES MALLADIERES,B078,01710,01419,Thoiry,01,,,01419000BT0421,,,,,,,,,,,,,0,,,,,P,prés,,,538,5.980867,46.244317
2025-3817,2025-05-06,000001,Vente,3334080,,,LES MALLADIERES,B078,01710,01419,Thoiry,01,,,01419000BT0426,,,,,,,,,,,,,0,,,,,P,prés,,,187,5.980223,46.244511
2025-3817,2025-05-06,000001,Vente,3334080,,,LES MALLADIERES,B078,01710,01419,Thoiry,01,,,01419000BT0427,,,,,,,,,,,,,0,,,,,P,prés,,,27,5.979828,46.244588
2025-3817,2025-05-06,000001,Vente,3334080,,,LES MALLADIERES,B078,01710,01419,Thoiry,01,,,01419000BT0430,,,,,,,,,,,,,0,,,,,P,prés,,,1315,5.980308,46.244394
2025-3817,2025-05-06,000001,Vente,3334080,,,LES MALLADIERES,B078,01710,01419,Thoiry,01,,,01419000BT0431,,,,,,,,,,,,,0,,,,,P,prés,,,534,5.979663,46.244519
2025-3817,2025-05-06,000001,Vente,3334080,,,LES MALLADIERES,B078,01710,01419,Thoiry,01,,,01419000BT0434,,,,,,,,,,,,,0,,,,,P,prés,,,1739,5.980392,46.244256
2025-3817,2025-05-06,000001,Vente,3334080,,,LES MALLADIERES,B078,01710,01419,Thoiry,01,,,01419000BT0435,,,,,,,,,,,,,0,,,,,P,prés,,,449,5.979636,46.24435
2025-3817,2025-05-06,000001,Vente,3334080,,,LES MALLADIERES,B078,01710,01419,Thoiry,01,,,01419000BT0437,,,,,,,,,,,,,0,,,,,AB,terrains a bâtir,,,1803,5.98019,46.244083
2025-3817,2025-05-06,000001,Vente,3334080,,,LES MALLADIERES,B078,01710,01419,Thoiry,01,,,01419000BT0438,,,,,,,,,,,,,0,,,,,AB,terrains a bâtir,,,604,5.979542,46.244211
2025-3817,2025-05-06,000001,Vente,3334080,,,LES MALLADIERES,B078,01710,01419,Thoiry,01,,,01419000BT0441,,,,,,,,,,,,,0,,,,,P,prés,,,266,5.981143,46.243965
2025-4008,2025-04-24,000001,Vente,196000,81,,PL DE LA MAIRIE,0206,01710,01419,Thoiry,01,,,01419000BN0036,,,113,81.88,94,,,,,,,,2,3,Dépendance,,0,,,,,,5.980747,46.235901
2025-4008,2025-04-24,000001,Vente,196000,81,,PL DE LA MAIRIE,0206,01710,01419,Thoiry,01,,,01419000BN0036,,,113,81.88,94,,,,,,,,2,2,Appartement,81,4,,,,,,5.980747,46.235901
2025-4008,2025-04-24,000001,Vente,196000,83,,PL DE LA MAIRIE,0206,01710,01419,Thoiry,01,,,01419000BN0036,,,41,,,,,,,,,,1,3,Dépendance,,0,,,,,,5.980747,46.235901
2025-4008,2025-04-24,000001,Vente,196000,84,,PL DE LA MAIRIE,0206,01710,01419,Thoiry,01,,,01419000BN0036,,,1,,,,,,,,,,1,3,Dépendance,,0,,,,,,5.980747,46.235901
2025-4291,2025-05-06,000001,Vente,137000,6067,,LOT FLORALIES,A020,01710,01419,Thoiry,01,,,01419000BN0105,,,602,55.67,,,,,,,,,1,4,Local industriel. commercial ou assimilé,55,0,,,,,,5.98094,46.23207
2025-4362,2025-04-23,000001,Vente,517000,21,,RUE DES BOULEAUX,0025,01710,01419,Thoiry,01,,,01419000BD4145,,,,,,,,,,,,,0,1,Maison,74,3,S,sols,,,276,5.964514,46.222877
2025-4362,2025-04-23,000001,Vente,517000,21,,RUE DES BOULEAUX,0025,01710,01419,Thoiry,01,,,01419000BD4145,,,,,,,,,,,,,0,3,Dépendance,,0,S,sols,,,276,5.964514,46.222877
2025-4362,2025-04-23,000001,Vente,517000,,,PARAY,B100,01710,01419,Thoiry,01,,,01419000BD4147,,,,,,,,,,,,,0,,,,,S,sols,,,73,5.964552,46.223086
2025-4431,2025-05-21,000001,Vente,195000,6067,,LOT FLORALIES,A020,01710,01419,Thoiry,01,,,01419000BN0105,,,306,,325,,,,,,,,2,2,Appartement,52,2,,,,,,5.98094,46.23207
2025-4431,2025-05-21,000001,Vente,195000,6067,,LOT FLORALIES,A020,01710,01419,Thoiry,01,,,01419000BN0105,,,306,,325,,,,,,,,2,3,Dépendance,,0,,,,,,5.98094,46.23207
2025-4748,2025-05-07,000001,Vente,820000,565,,RUE DES MALADIERES,0220,01710,01419,Thoiry,01,,,01419000BT0035,,,,,,,,,,,,,0,3,Dépendance,,0,J,jardins,,,576,5.979505,46.245097
2025-4748,2025-05-07,000001,Vente,820000,565,,RUE DES MALADIERES,0220,01710,01419,Thoiry,01,,,01419000BT0035,,,,,,,,,,,,,0,3,Dépendance,,0,S,sols,,,500,5.979505,46.245097
2025-4748,2025-05-07,000001,Vente,820000,565,,RUE DES MALADIERES,0220,01710,01419,Thoiry,01,,,01419000BT0035,,,,,,,,,,,,,0,1,Maison,220,6,S,sols,,,500,5.979505,46.245097
2025-4748,2025-05-07,000001,Vente,820000,565,,RUE DES MALADIERES,0220,01710,01419,Thoiry,01,,,01419000BT0035,,,,,,,,,,,,,0,1,Maison,220,6,J,jardins,,,576,5.979505,46.245097
2025-4748,2025-05-07,000001,Vente,820000,,,MOUCHET,B096,01710,01419,Thoiry,01,,,01419000BT0036,,,,,,,,,,,,,0,,,,,S,sols,,,424,5.979703,46.245336
2025-5081,2025-05-21,000001,Vente,664000,,,ALLEMOGNE,B003,01710,01419,Thoiry,01,,,01419000BX0015,,,,,,,,,,,,,0,,,,,S,sols,,,58,5.983359,46.247296
2025-5081,2025-05-21,000001,Vente,664000,,,ALLEMOGNE,B003,01710,01419,Thoiry,01,,,01419000BX0020,,,,,,,,,,,,,0,,,,,S,sols,,,792,5.983668,46.247003
2025-5081,2025-05-21,000001,Vente,664000,,,ALLEMOGNE,B003,01710,01419,Thoiry,01,,,01419000BX0023,,,,,,,,,,,,,0,,,,,S,sols,,,215,5.983808,46.247483
2025-5081,2025-05-21,000001,Vente,664000,,,ALLEMOGNE,B003,01710,01419,Thoiry,01,,,01419000BX0049,,,,,,,,,,,,,0,,,,,S,sols,,,884,5.98459,46.246939
2025-5081,2025-05-21,000001,Vente,664000,,,ALLEMOGNE,B003,01710,01419,Thoiry,01,,,01419000BX0060,,,,,,,,,,,,,0,,,,,S,sols,,,225,5.98466,46.246778
2025-5081,2025-05-21,000001,Vente,664000,161,,RUE DES SOLDANELLES,0334,01710,01419,Thoiry,01,,,01419000BX0066,,,,,,,,,,,,,0,1,Maison,125,6,S,sols,,,730,5.98371,46.246719
2025-5168,2025-05-26,000001,Vente,652200,66,B,RUE DES MOUCHETS,0247,01710,01419,Thoiry,01,,,01419000BT0282,,,,,,,,,,,,,0,1,Maison,118,5,S,sols,,,500,5.977511,46.243602
2025-5204,2025-05-26,000003,Vente,415000,254,,RUE DES TAMARIS,0347,01710,01419,Thoiry,01,,,01419000BM0232,,,,,,,,,,,,,0,3,Dépendance,,0,S,sols,,,403,5.975275,46.231786
2025-5204,2025-05-26,000003,Vente,415000,254,,RUE DES TAMARIS,0347,01710,01419,Thoiry,01,,,01419000BM0232,,,,,,,,,,,,,0,3,Dépendance,,0,S,sols,,,403,5.975275,46.231786
2025-5204,2025-05-26,000003,Vente,415000,254,,RUE DES TAMARIS,0347,01710,01419,Thoiry,01,,,01419000BM0232,,,,,,,,,,,,,0,2,Appartement,90,5,S,sols,,,403,5.975275,46.231786
2025-5204,2025-05-26,000003,Vente,415000,254,,RUE DES TAMARIS,0347,01710,01419,Thoiry,01,,,01419000BM0232,,,,,,,,,,,,,0,3,Dépendance,,0,S,sols,,,403,5.975275,46.231786
2025-5204,2025-05-26,000003,Vente,415000,254,,RUE DES TAMARIS,0347,01710,01419,Thoiry,01,,,01419000BM0232,,,,,,,,,,,,,0,3,Dépendance,,0,S,sols,,,403,5.975275,46.231786
2025-5204,2025-05-26,000003,Vente,415000,254,,RUE DES TAMARIS,0347,01710,01419,Thoiry,01,,,01419000BM0232,,,,,,,,,,,,,0,2,Appartement,26,1,S,sols,,,403,5.975275,46.231786
2025-5204,2025-05-26,000003,Vente,415000,,,RUE DES TAMARIS,0347,01710,01419,Thoiry,01,,,01419000BM0233,,,,,,,,,,,,,0,,,,,S,sols,,,24,5.975134,46.231838
2025-5299,2025-05-20,000001,Vente,295000,6067,,LOT FLORALIES,A020,01710,01419,Thoiry,01,,,01419000BN0105,,,208,,216,67.66,,,,,,,2,2,Appartement,67,3,,,,,,5.98094,46.23207
2025-5299,2025-05-20,000001,Vente,295000,6067,,LOT FLORALIES,A020,01710,01419,Thoiry,01,,,01419000BN0105,,,208,,216,67.66,,,,,,,2,3,Dépendance,,0,,,,,,5.98094,46.23207
2025-5299,2025-05-20,000001,Vente,295000,6067,,LOT FLORALIES,A020,01710,01419,Thoiry,01,,,01419000BN0105,,,842,,,,,,,,,,1,3,Dépendance,,0,,,,,,5.98094,46.23207
2025-5384,2025-05-21,000001,Vente,731800,200,,RUE DU MOLLARD,0232,01710,01419,Thoiry,01,,,01419000BO0426,,,,,,,,,,,,,0,1,Maison,90,4,S,sols,,,563,5.976132,46.237984
2025-5484,2025-06-20,000001,Vente,490000,50,,RUE DU BOUT DES CHAMPS,0028,01710,01419,Thoiry,01,,,01419000AB0273,,,,,,,,,,,,,0,1,Maison,105,4,S,sols,,,294,5.986528,46.249183
2025-5582,2025-06-11,000001,Vente,366000,39,B,RUE DU POIZAT,0284,01710,01419,Thoiry,01,,,01419000BH0026,,,2,48.98,,,,,,,,,1,3,Dépendance,,0,,,,,,5.967125,46.223217
2025-5582,2025-06-11,000001,Vente,366000,39,B,RUE DU POIZAT,0284,01710,01419,Thoiry,01,,,01419000BH0026,,,2,48.98,,,,,,,,,1,3,Dépendance,,0,,,,,,5.967125,46.223217
2025-5582,2025-06-11,000001,Vente,366000,955,,RUE DE FENIERES,0133,01710,01419,Thoiry,01,,,01419000BH0027,,,,,,,,,,,,,0,1,Maison,90,5,S,sols,,,122,5.967123,46.223269
2025-5582,2025-06-11,000001,Vente,366000,955,,RUE DE FENIERES,0133,01710,01419,Thoiry,01,,,01419000BH0027,,,,,,,,,,,,,0,3,Dépendance,,0,S,sols,,,122,5.967123,46.223269
2025-5582,2025-06-11,000001,Vente,366000,,,FENIERES,B053,01710,01419,Thoiry,01,,,01419000BH0028,,,,,,,,,,,,,0,,,,,S,sols,,,31,5.967195,46.22334
2025-5582,2025-06-11,000001,Vente,366000,,,FENIERES,B053,01710,01419,Thoiry,01,,,01419000BH0029,,,,,,,,,,,,,0,,,,,J,jardins,,,165,5.967313,46.223277
2025-5592,2025-06-12,000001,Vente,538000,500,,RUE DU BREU,0033,01710,01419,Thoiry,01,,,01419000BN0199,,,21,,,,,,,,,,1,3,Dépendance,,0,,,,,,5.979743,46.232481
2025-5592,2025-06-12,000001,Vente,538000,500,,RUE DU BREU,0033,01710,01419,Thoiry,01,,,01419000BN0199,,,8,106.46,,,,,,,,,1,3,Dépendance,,0,,,,,,5.979743,46.232481
2025-5592,2025-06-12,000001,Vente,538000,500,,RUE DU BREU,0033,01710,01419,Thoiry,01,,,01419000BN0199,,,22,,,,,,,,,,1,3,Dépendance,,0,,,,,,5.979743,46.232481
2025-5592,2025-06-12,000001,Vente,538000,500,,RUE DU BREU,0033,01710,01419,Thoiry,01,,,01419000BN0199,,,8,106.46,,,,,,,,,1,2,Appartement,106,4,,,,,,5.979743,46.232481
2025-5723,2025-06-17,000001,Vente,340000,9,,RUE DE LA GARE,0168,01710,01419,Thoiry,01,,,01419000BN0173,,,24,110.65,5,,,,,,,,2,2,Appartement,118,4,,,,,,5.978601,46.232732
2025-5723,2025-06-17,000001,Vente,340000,9,,RUE DE LA GARE,0168,01710,01419,Thoiry,01,,,01419000BN0173,,,9,,,,,,,,,,1,3,Dépendance,,0,,,,,,5.978601,46.232732
2025-5723,2025-06-17,000001,Vente,340000,9,,RUE DE LA GARE,0168,01710,01419,Thoiry,01,,,01419000BN0173,,,16,,,,,,,,,,1,3,Dépendance,,0,,,,,,5.978601,46.232732
2025-5723,2025-06-17,000001,Vente,340000,9,,RUE DE LA GARE,0168,01710,01419,Thoiry,01,,,01419000BN0173,,,24,110.65,5,,,,,,,,2,3,Dépendance,,0,,,,,,5.978601,46.232732
2025-5728,2025-06-04,000001,Vente,419000,175,B,RUE DE PIERRAZ FRETTAZ,0282,01710,01419,Thoiry,01,,,01419000BM0174,,,15,,75,,,,,,,,2,2,Appartement,86,4,,,,,,5.978527,46.230328
2025-5728,2025-06-04,000001,Vente,419000,175,B,RUE DE PIERRAZ FRETTAZ,0282,01710,01419,Thoiry,01,,,01419000BM0174,,,66,,,,,,,,,,1,3,Dépendance,,0,,,,,,5.978527,46.230328
2025-5993,2025-06-20,000001,Vente,600000,396,,RUE D ALLEMOGNE,0003,01710,01419,Thoiry,01,,,01419000AB0112,,,,,,,,,,,,,0,3,Dépendance,,0,S,sols,,,22,5.986522,46.248067
2025-5993,2025-06-20,000001,Vente,600000,396,,RUE D ALLEMOGNE,0003,01710,01419,Thoiry,01,,,01419000AB0112,,,,,,,,,,,,,0,1,Maison,153,5,S,sols,,,22,5.986522,46.248067
2025-5993,2025-06-20,000001,Vente,600000,396,,RUE D ALLEMOGNE,0003,01710,01419,Thoiry,01,,,01419000AB0113,,,,,,,,,,,,,0,,,,,S,sols,,,357,5.986514,46.248036
2025-5993,2025-06-20,000001,Vente,600000,,,ALLEMOGNE,B003,01710,01419,Thoiry,01,,,01419000AB0366,,,,,,,,,,,,,0,,,,,T,terres,,,575,5.986714,46.247967
2025-5993,2025-06-20,000001,Vente,600000,,,ALLEMOGNE,B003,01710,01419,Thoiry,01,,,01419000AB0368,,,,,,,,,,,,,0,,,,,J,jardins,,,79,5.986823,46.247863
2025-5993,2025-06-20,000001,Vente,600000,,,ALLEMOGNE,B003,01710,01419,Thoiry,01,,,01419000AB0370,,,,,,,,,,,,,0,,,,,AB,terrains a bâtir,,,48,5.986766,46.247826
2025-6117,2025-06-24,000001,Vente,695000,,,HAUTINS DE LA CROIX,B070,01710,01419,Thoiry,01,,,01419000BM0096,,,,,,,,,,,,,0,,,,,S,sols,,,1381,5.976549,46.231096
2025-6117,2025-06-24,000001,Vente,695000,120,,RUE DES BERGERONNETTES,0019,01710,01419,Thoiry,01,,,01419000BM0157,,,,,,,,,,,,,0,1,Maison,122,5,S,sols,,,600,5.976528,46.2309
2025-6118,2025-06-23,000001,Vente,170000,89,,RUE DES COULEMELLES,0069,01710,01419,Thoiry,01,,,01419000BS0190,,,4,,8,31.84,,,,,,,2,2,Appartement,34,2,,,,,,5.979993,46.240215
2025-6118,2025-06-23,000001,Vente,170000,89,,RUE DES COULEMELLES,0069,01710,01419,Thoiry,01,,,01419000BS0190,,,9,,,,,,,,,,1,3,Dépendance,,0,,,,,,5.979993,46.240215
2025-6118,2025-06-23,000001,Vente,170000,89,,RUE DES COULEMELLES,0069,01710,01419,Thoiry,01,,,01419000BS0190,,,4,,8,31.84,,,,,,,2,3,Dépendance,,0,,,,,,5.979993,46.240215
2025-6158,2025-06-23,000001,Vente,195000,464,,RUE DU BREU,0033,01710,01419,Thoiry,01,,,01419000BN0164,,,49,,,,,,,,,,1,3,Dépendance,,0,,,,,,5.980102,46.232378
2025-6158,2025-06-23,000001,Vente,195000,464,,RUE DU BREU,0033,01710,01419,Thoiry,01,,,01419000BN0164,,,19,,,,,,,,,,1,2,Appartement,37,2,,,,,,5.980102,46.232378
2025-6391,2025-06-25,000002,Vente,450000,405,,RUE DES MARTERETS,0225,01710,01419,Thoiry,01,,,01419000BO0632,,,,,,,,,,,,,0,1,Maison,101,5,,,,,,5.97452,46.235752
2025-6659,2025-06-27,000001,Vente,437420,64,,RUE DES MORILLES,0245,01710,01419,Thoiry,01,,,01419000BT0229,,,3,78.94,,,,,,,,,1,1,Maison,81,4,,,,,,5.979421,46.243456
2025-6779,2025-07-15,000001,Vente,280000,27,,RUE DES VERGERS,0367,01710,01419,Thoiry,01,,,01419000BO0052,,,95,,,,,,,,,,1,3,Dépendance,,0,,,,,,5.976037,46.23651
2025-6779,2025-07-15,000001,Vente,280000,27,,RUE DES VERGERS,0367,01710,01419,Thoiry,01,,,01419000BO0052,,,109,56.36,73,,,,,,,,2,2,Appartement,56,3,,,,,,5.976037,46.23651
2025-6814,2025-07-22,000001,Vente,178000,45,,RUE DES VERGERS,0367,01710,01419,Thoiry,01,,,01419000BO0052,,,150,,,,,,,,,,1,3,Dépendance,,0,,,,,,5.976037,46.23651
2025-6814,2025-07-22,000001,Vente,178000,45,,RUE DES VERGERS,0367,01710,01419,Thoiry,01,,,01419000BO0052,,,130,,180,35.29,,,,,,,2,2,Appartement,35,2,,,,,,5.976037,46.23651
2025-6831,2025-07-16,000001,Vente,298500,6067,,LOT FLORALIES,A020,01710,01419,Thoiry,01,,,01419000BN0105,,,827,,,,,,,,,,1,3,Dépendance,,0,,,,,,5.98094,46.23207
2025-6831,2025-07-16,000001,Vente,298500,6067,,LOT FLORALIES,A020,01710,01419,Thoiry,01,,,01419000BN0105,,,203,,224,70,,,,,,,2,3,Dépendance,,0,,,,,,5.98094,46.23207
2025-6831,2025-07-16,000001,Vente,298500,6067,,LOT FLORALIES,A020,01710,01419,Thoiry,01,,,01419000BN0105,,,203,,224,70,,,,,,,2,2,Appartement,68,3,,,,,,5.98094,46.23207
2025-6869,2025-07-22,000001,Vente,600000,540,B,RUE DES MALADIERES,0220,01710,01419,Thoiry,01,,,01419000BT0375,,,,,,,,,,,,,0,1,Maison,136,4,S,sols,,,521,5.980117,46.24507
2025-6971,2025-06-30,000001,Vente,630000,81,,IMP DES VIGNES,0368,01710,01419,Thoiry,01,,,01419000BN0086,,,5,120.2,,,,,,,,,1,1,Maison,123,6,,,,,,5.982423,46.235863
2025-7060,2025-07-23,000001,Vente,239250,464,,RUE DU BREU,0033,01710,01419,Thoiry,01,,,01419000BN0164,,,43,,,,,,,,,,1,3,Dépendance,,0,,,,,,5.980102,46.232378
2025-7060,2025-07-23,000001,Vente,239250,464,,RUE DU BREU,0033,01710,01419,Thoiry,01,,,01419000BN0164,,,22,44.77,,,,,,,,,1,2,Appartement,44,2,,,,,,5.980102,46.232378
2025-7404,2025-07-31,000001,Vente,316037.75,704,,RUE BRIAND STRESEMANN,0038,01710,01419,Thoiry,01,,,01419000BO0444,,,79,,,,,,,,,,1,3,Dépendance,,0,,,,,,5.978623,46.233755
2025-7404,2025-07-31,000001,Vente,316037.75,704,,RUE BRIAND STRESEMANN,0038,01710,01419,Thoiry,01,,,01419000BO0444,,,47,69.7,60,,,,,,,,2,2,Appartement,69,3,,,,,,5.978623,46.233755
2025-7404,2025-07-31,000001,Vente,316037.75,704,,RUE BRIAND STRESEMANN,0038,01710,01419,Thoiry,01,,,01419000BO0444,,,138,,,,,,,,,,1,3,Dépendance,,0,,,,,,5.978623,46.233755
2025-7449,2025-07-31,000001,Vente,382100,141,C,RUE DE PIERRAZ FRETTAZ,0282,01710,01419,Thoiry,01,,,01419000BM0174,,,32,76.25,,,,,,,,,1,2,Appartement,76,3,,,,,,5.978527,46.230328
2025-7449,2025-07-31,000001,Vente,382100,141,C,RUE DE PIERRAZ FRETTAZ,0282,01710,01419,Thoiry,01,,,01419000BM0174,,,101,,,,,,,,,,1,3,Dépendance,,0,,,,,,5.978527,46.230328
2025-7456,2025-07-31,000001,Vente,578000,49,,CHE DU PONT DE GREMAZ,0294,01710,01419,Thoiry,01,,,01419000AM0004,,,35,107.39,,,,,,,,,1,2,Appartement,97,3,,,,,,5.992812,46.236661
2025-7456,2025-07-31,000001,Vente,578000,5001,,CHE DU PONT DE GREMAZ,0294,01710,01419,Thoiry,01,,,01419000AM0004,,,63,,,,,,,,,,1,3,Dépendance,,0,,,,,,5.992812,46.236661
2025-7456,2025-07-31,000001,Vente,578000,49,,CHE DU PONT DE GREMAZ,0294,01710,01419,Thoiry,01,,,01419000AM0004,,,27,,,,,,,,,,1,3,Dépendance,,0,,,,,,5.992812,46.236661
2025-7457,2025-07-31,000001,Vente,190000,75,,RUE DES VERGERS,0367,01710,01419,Thoiry,01,,,01419000BO0052,,,21,,,,,,,,,,1,3,Dépendance,,0,,,,,,5.976037,46.23651
2025-7457,2025-07-31,000001,Vente,190000,75,,RUE DES VERGERS,0367,01710,01419,Thoiry,01,,,01419000BO0052,,,43,35.5,5,,,,,,,,2,2,Appartement,35,2,,,,,,5.976037,46.23651
2025-7882,2025-08-12,000001,Vente,600000,473,,RUE DE L ETRAZ,0125,01710,01419,Thoiry,01,,,01419000BT0368,,,,,,,,,,,,,0,2,Appartement,50,3,S,sols,,,1000,5.982912,46.243145
2025-7882,2025-08-12,000001,Vente,600000,473,,RUE DE L ETRAZ,0125,01710,01419,Thoiry,01,,,01419000BT0368,,,,,,,,,,,,,0,1,Maison,145,5,S,sols,,,1000,5.982912,46.243145
2025-7882,2025-08-12,000001,Vente,600000,473,,RUE DE L ETRAZ,0125,01710,01419,Thoiry,01,,,01419000BT0368,,,,,,,,,,,,,0,2,Appartement,32,1,S,sols,,,1000,5.982912,46.243145
2025-7891,2025-07-28,000001,Vente,180000,45,,RUE DES VERGERS,0367,01710,01419,Thoiry,01,,,01419000BO0052,,,149,,,,,,,,,,1,3,Dépendance,,0,,,,,,5.976037,46.23651
2025-7891,2025-07-28,000001,Vente,180000,45,,RUE DES VERGERS,0367,01710,01419,Thoiry,01,,,01419000BO0052,,,129,,174,36.08,,,,,,,2,2,Appartement,35,2,,,,,,5.976037,46.23651
2025-8164,2025-08-04,000001,Vente,800000,,,LES MALLADIERES,B078,01710,01419,Thoiry,01,,,01419000BT0220,,,,,,,,,,,,,0,,,,,S,sols,,,966,5.979381,46.243052
2025-8164,2025-08-04,000001,Vente,800000,5002,,RUE DES GIROLLES,0167,01710,01419,Thoiry,01,,,01419000BT0235,,,,,,,,,,,,,0,1,Maison,196,6,S,sols,,,850,5.97885,46.243407
2025-8393,2025-09-02,000001,Vente,690500,540,A,RUE DES MALADIERES,0220,01710,01419,Thoiry,01,,,01419000BT0393,,,,,,,,,,,,,0,1,Maison,136,5,S,sols,,,511,5.980004,46.245113
2025-8547,2025-08-28,000001,Vente,609000,44,,RUE DES HAIES,0185,01710,01419,Thoiry,01,,,01419000AB0039,,,,,,,,,,,,,0,1,Maison,73,4,S,sols,,,944,5.985787,46.24836
2025-8567,2025-09-03,000001,Vente,900000,,,ALLEMOGNE,B003,01710,01419,Thoiry,01,,,01419000BV0085,,,,,,,,,,,,,0,,,,,P,prés,,,221,5.982821,46.240779
2025-8567,2025-09-03,000001,Vente,900000,6,,RUE DE TREVES,0340,01710,01419,Thoiry,01,,,01419000BV0086,,,,,,,,,,,,,0,3,Dépendance,,0,S,sols,,,1526,5.982513,46.240933
2025-8567,2025-09-03,000001,Vente,900000,6,,RUE DE TREVES,0340,01710,01419,Thoiry,01,,,01419000BV0086,,,,,,,,,,,,,0,1,Maison,390,13,S,sols,,,1526,5.982513,46.240933
2025-8648,2025-09-01,000001,Vente,628500,22,B,RUE DES BUIS,0043,01710,01419,Thoiry,01,,,01419000BS0403,,,,,,,,,,,,,0,1,Maison,136,4,S,sols,,,234,5.975577,46.241343
2025-8717,2025-08-20,000001,Vente,400000,141,A,RUE DE PIERRAZ FRETTAZ,0282,01710,01419,Thoiry,01,,,01419000BM0174,,,27,83.18,97,,,,,,,,2,3,Dépendance,,0,,,,,,5.978527,46.230328
2025-8717,2025-08-20,000001,Vente,400000,141,A,RUE DE PIERRAZ FRETTAZ,0282,01710,01419,Thoiry,01,,,01419000BM0174,,,27,83.18,97,,,,,,,,2,2,Appartement,84,4,,,,,,5.978527,46.230328
2025-8717,2025-08-20,000001,Vente,400000,141,A,RUE DE PIERRAZ FRETTAZ,0282,01710,01419,Thoiry,01,,,01419000BM0174,,,84,,,,,,,,,,1,3,Dépendance,,0,,,,,,5.978527,46.230328
2025-8793,2025-09-04,000001,Vente,680000,,,MARTERET,B082,01710,01419,Thoiry,01,,,01419000BO0381,,,,,,,,,,,,,0,,,,,S,sols,,,135,5.976246,46.233083
2025-8793,2025-09-04,000001,Vente,680000,130,,RUE DES TAMARIS,0347,01710,01419,Thoiry,01,,,01419000BO0385,,,,,,,,,,,,,0,1,Maison,165,6,S,sols,,,620,5.976152,46.233012
2025-8824,2025-08-29,000001,Vente,223000,169,,RUE DES HAIES,0185,01710,01419,Thoiry,01,,,01419000AB0321,,,2,36.8,,,,,,,,,1,2,Appartement,38,2,,,,,,5.98474,46.248896
2025-8824,2025-08-29,000001,Vente,223000,169,,RUE DES HAIES,0185,01710,01419,Thoiry,01,,,01419000AB0321,,,2,36.8,,,,,,,,,1,3,Dépendance,,0,,,,,,5.98474,46.248896
2025-9145,2025-09-24,000001,Vente,308490.57,678,,RUE BRIAND STRESEMANN,0038,01710,01419,Thoiry,01,,,01419000BO0444,,,139,12.5,,,,,,,,,1,3,Dépendance,,0,,,,,,5.978623,46.233755
2025-9145,2025-09-24,000001,Vente,308490.57,678,,RUE BRIAND STRESEMANN,0038,01710,01419,Thoiry,01,,,01419000BO0444,,,48,69.5,69,,,,,,,,2,2,Appartement,69,3,,,,,,5.978623,46.233755
2025-9145,2025-09-24,000001,Vente,308490.57,678,,RUE BRIAND STRESEMANN,0038,01710,01419,Thoiry,01,,,01419000BO0444,,,78,17.3,,,,,,,,,1,3,Dépendance,,0,,,,,,5.978623,46.233755
2025-9233,2025-09-29,000001,Vente,614300,237,,RUE DES TERRASSES,0342,01710,01419,Thoiry,01,,,01419000BR0145,,,27,101.6,,,,,,,,,1,1,Maison,110,4,,,,,,5.969618,46.242648
2025-9367,2025-09-29,000001,Vente,3822.61,,,ESSERTS DE PRAILLE,B050,01710,01419,Thoiry,01,,,01419000AP0130,,,,,,,,,,,,,0,,,,,S,sols,,,209,5.992115,46.224412
2025-9682,2025-10-01,000001,Vente en l'état futur d'achèvement,439000,,,ALLEMOGNE,B003,01710,01419,Thoiry,01,,,01419000BT0402,,,65,13.7,,,,,,,,,1,,,,,,,,,,5.982225,46.244442
2025-9682,2025-10-01,000001,Vente en l'état futur d'achèvement,439000,,,ALLEMOGNE,B003,01710,01419,Thoiry,01,,,01419000BT0402,,,66,13.4,,,,,,,,,1,,,,,,,,,,5.982225,46.244442
2025-9682,2025-10-01,000001,Vente en l'état futur d'achèvement,439000,,,ALLEMOGNE,B003,01710,01419,Thoiry,01,,,01419000BT0402,,,48,63.5,,,,,,,,,1,,,,,,,,,,5.982225,46.244442
2025-9683,2025-10-01,000001,Vente en l'état futur d'achèvement,255000,,,ALLEMOGNE,B003,01710,01419,Thoiry,01,,,01419000BT0402,,,76,14.1,,,,,,,,,1,,,,,,,,,,5.982225,46.244442
2025-9683,2025-10-01,000001,Vente en l'état futur d'achèvement,255000,,,ALLEMOGNE,B003,01710,01419,Thoiry,01,,,01419000BT0402,,,26,44.92,,,,,,,,,1,,,,,,,,,,5.982225,46.244442
2025-9684,2025-10-01,000001,Vente en l'état futur d'achèvement,408000,,,ALLEMOGNE,B003,01710,01419,Thoiry,01,,,01419000BT0402,,,59,13.9,,,,,,,,,1,,,,,,,,,,5.982225,46.244442
2025-9684,2025-10-01,000001,Vente en l'état futur d'achèvement,408000,,,ALLEMOGNE,B003,01710,01419,Thoiry,01,,,01419000BT0402,,,42,64.74,,,,,,,,,1,,,,,,,,,,5.982225,46.244442
2025-9684,2025-10-01,000001,Vente en l'état futur d'achèvement,408000,,,ALLEMOGNE,B003,01710,01419,Thoiry,01,,,01419000BT0402,,,60,13.9,,,,,,,,,1,,,,,,,,,,5.982225,46.244442
2025-9686,2025-10-01,000001,Vente en l'état futur d'achèvement,389000,,,ALLEMOGNE,B003,01710,01419,Thoiry,01,,,01419000BT0402,,,74,14.4,,,,,,,,,1,,,,,,,,,,5.982225,46.244442
2025-9686,2025-10-01,000001,Vente en l'état futur d'achèvement,389000,,,ALLEMOGNE,B003,01710,01419,Thoiry,01,,,01419000BT0402,,,75,14.4,,,,,,,,,1,,,,,,,,,,5.982225,46.244442
2025-9686,2025-10-01,000001,Vente en l'état futur d'achèvement,389000,,,ALLEMOGNE,B003,01710,01419,Thoiry,01,,,01419000BT0402,,,35,64.74,,,,,,,,,1,,,,,,,,,,5.982225,46.244442
2025-9687,2025-10-01,000001,Vente en l'état futur d'achèvement,265500,,,ALLEMOGNE,B003,01710,01419,Thoiry,01,,,01419000BT0402,,,104,14.2,,,,,,,,,1,,,,,,,,,,5.982225,46.244442
2025-9687,2025-10-01,000001,Vente en l'état futur d'achèvement,265500,,,ALLEMOGNE,B003,01710,01419,Thoiry,01,,,01419000BT0402,,,7,44.92,,,,,,,,,1,,,,,,,,,,5.982225,46.244442
2025-9691,2025-10-01,000001,Vente en l'état futur d'achèvement,350000,,,ALLEMOGNE,B003,01710,01419,Thoiry,01,,,01419000BT0402,,,5,63.19,,,,,,,,,1,,,,,,,,,,5.982225,46.244442
2025-9691,2025-10-01,000001,Vente en l'état futur d'achèvement,350000,,,ALLEMOGNE,B003,01710,01419,Thoiry,01,,,01419000BT0402,,,132,14.3,,,,,,,,,1,,,,,,,,,,5.982225,46.244442
2025-9704,2025-10-07,000001,Vente,1281390,247,A,RUE DU QUART,0306,01710,01419,Thoiry,01,,,01419000BO0644,,,,,,,,,,,,,0,3,Dépendance,,0,,,,,,5.97545,46.237987
2025-9704,2025-10-07,000001,Vente,1281390,247,A,RUE DU QUART,0306,01710,01419,Thoiry,01,,,01419000BO0644,,,,,,,,,,,,,0,1,Maison,55,2,,,,,,5.97545,46.237987
2025-9704,2025-10-07,000001,Vente,1281390,247,A,RUE DU QUART,0306,01710,01419,Thoiry,01,,,01419000BO0644,,,,,,,,,,,,,0,1,Maison,264,7,,,,,,5.97545,46.237987
2025-9704,2025-10-07,000001,Vente,1281390,247,A,RUE DU QUART,0306,01710,01419,Thoiry,01,,,01419000BO0644,,,,,,,,,,,,,0,3,Dépendance,,0,,,,,,5.97545,46.237987
2025-9949,2025-10-08,000001,Vente en l'état futur d'achèvement,408500,,,ALLEMOGNE,B003,01710,01419,Thoiry,01,,,01419000BT0402,,,23,,,,,,,,,,1,,,,,,,,,,5.982225,46.244442
2025-9949,2025-10-08,000001,Vente en l'état futur d'achèvement,408500,,,ALLEMOGNE,B003,01710,01419,Thoiry,01,,,01419000BT0402,,,52,,,,,,,,,,1,,,,,,,,,,5.982225,46.244442
2025-9950,2025-10-08,000001,Vente en l'état futur d'achèvement,383500,,,ALLEMOGNE,B003,01710,01419,Thoiry,01,,,01419000BT0402,,,90,,,,,,,,,,1,,,,,,,,,,5.982225,46.244442
2025-9950,2025-10-08,000001,Vente en l'état futur d'achèvement,383500,,,ALLEMOGNE,B003,01710,01419,Thoiry,01,,,01419000BT0402,,,19,,,,,,,,,,1,,,,,,,,,,5.982225,46.244442
2025-10041,2025-09-29,000002,Vente,690000,147,,RUE DES TAMARIS,0347,01710,01419,Thoiry,01,,,01419000BM0236,,,,,,,,,,,,,0,1,Maison,103,4,,,,,,,
2025-10046,2025-10-08,000001,Vente en l'état futur d'achèvement,632000,,,ALLEMOGNE,B003,01710,01419,Thoiry,01,,,01419000BT0402,,,49,,,,,,,,,,1,,,,,,,,,,5.982225,46.244442
2025-10046,2025-10-08,000001,Vente en l'état futur d'achèvement,632000,,,ALLEMOGNE,B003,01710,01419,Thoiry,01,,,01419000BT0402,,,79,,,,,,,,,,1,,,,,,,,,,5.982225,46.244442
2025-10046,2025-10-08,000001,Vente en l'état futur d'achèvement,632000,,,ALLEMOGNE,B003,01710,01419,Thoiry,01,,,01419000BT0402,,,78,,,,,,,,,,1,,,,,,,,,,5.982225,46.244442
2025-10049,2025-10-08,000001,Vente en l'état futur d'achèvement,260000,,,ALLEMOGNE,B003,01710,01419,Thoiry,01,,,01419000BT0402,,,27,,,,,,,,,,1,,,,,,,,,,5.982225,46.244442
2025-10049,2025-10-08,000001,Vente en l'état futur d'achèvement,260000,,,ALLEMOGNE,B003,01710,01419,Thoiry,01,,,01419000BT0402,,,67,,,,,,,,,,1,,,,,,,,,,5.982225,46.244442
2025-10208,2025-10-10,000001,Vente,372641.51,704,,RUE BRIAND STRESEMANN,0038,01710,01419,Thoiry,01,,,01419000BO0444,,,82,,,,,,,,,,1,3,Dépendance,,0,,,,,,5.978623,46.233755
2025-10208,2025-10-10,000001,Vente,372641.51,704,,RUE BRIAND STRESEMANN,0038,01710,01419,Thoiry,01,,,01419000BO0444,,,45,87,55,,,,,,,,2,2,Appartement,87,4,,,,,,5.978623,46.233755
2025-10208,2025-10-10,000001,Vente,372641.51,704,,RUE BRIAND STRESEMANN,0038,01710,01419,Thoiry,01,,,01419000BO0444,,,136,,,,,,,,,,1,3,Dépendance,,0,,,,,,5.978623,46.233755
2025-10241,2025-09-29,000001,Vente,900000,21,,RUE DE L ARTISANAT,0007,01710,01419,Thoiry,01,,,01419000AP0052,,,,,,,,,,,,,0,4,Local industriel. commercial ou assimilé,130,0,S,sols,,,505,5.991851,46.22419
2025-10241,2025-09-29,000001,Vente,900000,21,,RUE DE L ARTISANAT,0007,01710,01419,Thoiry,01,,,01419000AP0052,,,,,,,,,,,,,0,4,Local industriel. commercial ou assimilé,130,0,S,sols,,,505,5.991851,46.22419
2025-10241,2025-09-29,000001,Vente,900000,21,,RUE DE L ARTISANAT,0007,01710,01419,Thoiry,01,,,01419000AP0052,,,,,,,,,,,,,0,2,Appartement,118,3,S,sols,,,505,5.991851,46.22419
2025-10241,2025-09-29,000001,Vente,900000,21,,RUE DE L ARTISANAT,0007,01710,01419,Thoiry,01,,,01419000AP0053,,,,,,,,,,,,,0,4,Local industriel. commercial ou assimilé,118,0,S,sols,,,385,5.992016,46.224314
2025-10241,2025-09-29,000001,Vente,900000,,,ESSERTS DE PRAILLE,B050,01710,01419,Thoiry,01,,,01419000AP0130,,,,,,,,,,,,,0,,,,,S,sols,,,209,5.992115,46.224412
2025-10466,2025-10-24,000001,Vente,265000,171,,RUE DE PUITS MATHIEU,0299,01710,01419,Thoiry,01,,,01419000BS0206,,,167,,176,61.65,,,,,,,2,3,Dépendance,,0,,,,,,5.977614,46.239632
2025-10466,2025-10-24,000001,Vente,265000,6082,,RUE DE PUITS MATHIEU,0299,01710,01419,Thoiry,01,,,01419000BS0206,,,135,,,,,,,,,,1,3,Dépendance,,0,,,,,,5.977614,46.239632
2025-10466,2025-10-24,000001,Vente,265000,171,,RUE DE PUITS MATHIEU,0299,01710,01419,Thoiry,01,,,01419000BS0206,,,167,,176,61.65,,,,,,,2,2,Appartement,61,2,,,,,,5.977614,46.239632
2025-10536,2025-10-22,000001,Vente en l'état futur d'achèvement,302500,,,ALLEMOGNE,B003,01710,01419,Thoiry,01,,,01419000BT0402,,,53,,,,,,,,,,1,,,,,,,,,,5.982225,46.244442
2025-10536,2025-10-22,000001,Vente en l'état futur d'achèvement,302500,,,ALLEMOGNE,B003,01710,01419,Thoiry,01,,,01419000BT0402,,,94,,,,,,,,,,1,,,,,,,,,,5.982225,46.244442
2025-10536,2025-10-22,000001,Vente en l'état futur d'achèvement,302500,,,ALLEMOGNE,B003,01710,01419,Thoiry,01,,,01419000BT0402,,,3,,,,,,,,,,1,,,,,,,,,,5.982225,46.244442
2025-10537,2025-10-20,000001,Vente en l'état futur d'achèvement,393000,,,ALLEMOGNE,B003,01710,01419,Thoiry,01,,,01419000BT0402,,,128,,,,,,,,,,1,,,,,,,,,,5.982225,46.244442
2025-10537,2025-10-20,000001,Vente en l'état futur d'achèvement,393000,,,ALLEMOGNE,B003,01710,01419,Thoiry,01,,,01419000BT0402,,,129,,,,,,,,,,1,,,,,,,,,,5.982225,46.244442
2025-10537,2025-10-20,000001,Vente en l'état futur d'achèvement,393000,,,ALLEMOGNE,B003,01710,01419,Thoiry,01,,,01419000BT0402,,,20,,,,,,,,,,1,,,,,,,,,,5.982225,46.244442
2025-10538,2025-10-22,000001,Vente en l'état futur d'achèvement,535000,,,ALLEMOGNE,B003,01710,01419,Thoiry,01,,,01419000BT0402,,,115,,,,,,,,,,1,,,,,,,,,,5.982225,46.244442
2025-10538,2025-10-22,000001,Vente en l'état futur d'achèvement,535000,,,ALLEMOGNE,B003,01710,01419,Thoiry,01,,,01419000BT0402,,,45,,,,,,,,,,1,,,,,,,,,,5.982225,46.244442
2025-10538,2025-10-22,000001,Vente en l'état futur d'achèvement,535000,,,ALLEMOGNE,B003,01710,01419,Thoiry,01,,,01419000BT0402,,,72,,,,,,,,,,1,,,,,,,,,,5.982225,46.244442
2025-10587,2025-10-29,000001,Vente,258908,,,FENIERES,B053,01710,01419,Thoiry,01,,,01419000BE0125,,,,,,,,,,,,,0,,,,,J,jardins,,,310,5.969651,46.226928
2025-10587,2025-10-29,000001,Vente,258908,,,FENIERES,B053,01710,01419,Thoiry,01,,,01419000BE0237,,,,,,,,,,,,,0,,,,,J,jardins,,,282,5.969367,46.226975
2025-10587,2025-10-29,000001,Vente,258908,,,FENIERES,B053,01710,01419,Thoiry,01,,,01419000BE0245,,,,,,,,,,,,,0,,,,,S,sols,,,84,5.969446,46.227027
2025-10588,2025-10-29,000001,Vente,173000,,,FENIERES,B053,01710,01419,Thoiry,01,,,01419000BE0238,,,,,,,,,,,,,0,,,,,J,jardins,,,49,5.969283,46.227031
2025-10588,2025-10-29,000001,Vente,173000,,,FENIERES,B053,01710,01419,Thoiry,01,,,01419000BE0240,,,,,,,,,,,,,0,,,,,J,jardins,,,1,5.969295,46.226965
2025-10588,2025-10-29,000001,Vente,173000,,,FENIERES,B053,01710,01419,Thoiry,01,,,01419000BE0244,,,,,,,,,,,,,0,,,,,S,sols,,,1170,5.969423,46.227216
2025-10645,2025-10-22,000001,Vente en l'état futur d'achèvement,287000,,,ALLEMOGNE,B003,01710,01419,Thoiry,01,,,01419000BT0402,,,56,,,,,,,,,,1,,,,,,,,,,5.982225,46.244442
2025-10645,2025-10-22,000001,Vente en l'état futur d'achèvement,287000,,,ALLEMOGNE,B003,01710,01419,Thoiry,01,,,01419000BT0402,,,11,,,,,,,,,,1,,,,,,,,,,5.982225,46.244442
2025-10646,2025-10-22,000001,Vente en l'état futur d'achèvement,644500,,,ALLEMOGNE,B003,01710,01419,Thoiry,01,,,01419000BT0402,,,100,,,,,,,,,,1,,,,,,,,,,5.982225,46.244442
2025-10646,2025-10-22,000001,Vente en l'état futur d'achèvement,644500,,,ALLEMOGNE,B003,01710,01419,Thoiry,01,,,01419000BT0402,,,99,,,,,,,,,,1,,,,,,,,,,5.982225,46.244442
2025-10646,2025-10-22,000001,Vente en l'état futur d'achèvement,644500,,,ALLEMOGNE,B003,01710,01419,Thoiry,01,,,01419000BT0402,,,24,,,,,,,,,,1,,,,,,,,,,5.982225,46.244442
2025-10646,2025-10-22,000001,Vente en l'état futur d'achèvement,644500,,,ALLEMOGNE,B003,01710,01419,Thoiry,01,,,01419000BT0402,,,138,,,,,,,,,,1,,,,,,,,,,5.982225,46.244442
2025-10648,2025-10-22,000001,Vente en l'état futur d'achèvement,295000,,,ALLEMOGNE,B003,01710,01419,Thoiry,01,,,01419000BT0402,,,55,,,,,,,,,,1,,,,,,,,,,5.982225,46.244442
2025-10648,2025-10-22,000001,Vente en l'état futur d'achèvement,295000,,,ALLEMOGNE,B003,01710,01419,Thoiry,01,,,01419000BT0402,,,18,,,,,,,,,,1,,,,,,,,,,5.982225,46.244442
2025-10748,2025-10-28,000001,Vente,41000,185,,AV DU MONT BLANC,0234,01710,01419,Thoiry,01,,,01419000AE0066,,,78,,,,,,,,,,1,4,Local industriel. commercial ou assimilé,22,0,,,,,,6.010126,46.237455
2025-10859,2025-11-06,000001,Vente,20000,500,,RUE DU BREU,0033,01710,01419,Thoiry,01,,,01419000BN0199,,,14,,,,,,,,,,1,3,Dépendance,,0,,,,,,5.979743,46.232481
2025-11039,2025-11-05,000001,Vente en l'état futur d'achèvement,514000,,,ALLEMOGNE,B003,01710,01419,Thoiry,01,,,01419000BT0402,,,38,,,,,,,,,,1,,,,,,,,,,5.982225,46.244442
2025-11039,2025-11-05,000001,Vente en l'état futur d'achèvement,514000,,,ALLEMOGNE,B003,01710,01419,Thoiry,01,,,01419000BT0402,,,71,,,,,,,,,,1,,,,,,,,,,5.982225,46.244442
2025-11039,2025-11-05,000001,Vente en l'état futur d'achèvement,514000,,,ALLEMOGNE,B003,01710,01419,Thoiry,01,,,01419000BT0402,,,85,,,,,,,,,,1,,,,,,,,,,5.982225,46.244442
2025-11148,2025-11-14,000001,Vente,397000,141,A,RUE DE PIERRAZ FRETTAZ,0282,01710,01419,Thoiry,01,,,01419000BM0174,,,21,,,,,,,,,,1,2,Appartement,76,3,,,,,,5.978527,46.230328
2025-11148,2025-11-14,000001,Vente,397000,141,A,RUE DE PIERRAZ FRETTAZ,0282,01710,01419,Thoiry,01,,,01419000BM0174,,,79,,,,,,,,,,1,3,Dépendance,,0,,,,,,5.978527,46.230328
2025-11250,2025-10-20,000001,Vente,450000,147,,RUE DES TAMARIS,0347,01710,01419,Thoiry,01,,,01419000BM0236,,,,,,,,,,,,,0,1,Maison,103,4,S,sols,,,645,,
2025-11607,2025-11-13,000001,Vente en l'état futur d'achèvement,307000,,,ALLEMOGNE,B003,01710,01419,Thoiry,01,,,01419000BT0402,,,120,,,,,,,,,,1,,,,,,,,,,5.982225,46.244442
2025-11607,2025-11-13,000001,Vente en l'état futur d'achèvement,307000,,,ALLEMOGNE,B003,01710,01419,Thoiry,01,,,01419000BT0402,,,136,,,,,,,,,,1,,,,,,,,,,5.982225,46.244442
2025-11607,2025-11-13,000001,Vente en l'état futur d'achèvement,307000,,,ALLEMOGNE,B003,01710,01419,Thoiry,01,,,01419000BT0402,,,36,,,,,,,,,,1,,,,,,,,,,5.982225,46.244442
2025-11609,2025-11-25,000001,Vente en l'état futur d'achèvement,290000,,,ALLEMOGNE,B003,01710,01419,Thoiry,01,,,01419000BT0402,,,86,,,,,,,,,,1,,,,,,,,,,5.982225,46.244442
2025-11609,2025-11-25,000001,Vente en l'état futur d'achèvement,290000,,,ALLEMOGNE,B003,01710,01419,Thoiry,01,,,01419000BT0402,,,37,,,,,,,,,,1,,,,,,,,,,5.982225,46.244442
2025-11610,2025-11-04,000002,Vente,5000,25,,RUE DE LA FRUITIERE,0160,01710,01419,Thoiry,01,,,01419000BO0536,,,,,,,,,,,,,0,3,Dépendance,,0,S,sols,,,131,,
2025-11610,2025-11-04,000002,Vente,5000,,,THOIRY,B150,01710,01419,Thoiry,01,,,01419000BO0537,,,,,,,,,,,,,0,,,,,S,sols,,,20,,
2025-11619,2025-10-27,000002,Vente,9992682,210,,RUE DU STADE,0341,01710,01419,Thoiry,01,,,01419000BN0219,,,,,,,,,,,,,0,4,Local industriel. commercial ou assimilé,,0,,,,,,,
2025-11619,2025-10-27,000002,Vente,9992682,210,,RUE DU STADE,0341,01710,01419,Thoiry,01,,,01419000BN0219,,,,,,,,,,,,,0,4,Local industriel. commercial ou assimilé,227,0,,,,,,,
2025-11619,2025-10-27,000002,Vente,9992682,,,LE BREU,B019,01710,01419,Thoiry,01,,,01419000BN0222,,,,,,,,,,,,,0,,,,,S,sols,,,511,5.983737,46.234579
2025-11619,2025-10-27,000002,Vente,9992682,,,LE BREU,B019,01710,01419,Thoiry,01,,,01419000BN0224,,,,,,,,,,,,,0,,,,,S,sols,,,515,5.982778,46.234787
2025-11732,2025-11-03,000001,Vente,333500,65,,RUE BRIAND STRESEMANN,0038,01710,01419,Thoiry,01,,,01419000BV0134,,,1,71.31,9,,,,,,,,2,2,Appartement,74,2,,,,,,5.981105,46.2389
2025-11732,2025-11-03,000001,Vente,333500,65,,RUE BRIAND STRESEMANN,0038,01710,01419,Thoiry,01,,,01419000BV0134,,,1,71.31,9,,,,,,,,2,3,Dépendance,,0,,,,,,5.981105,46.2389
2025-11732,2025-11-03,000001,Vente,333500,65,,RUE BRIAND STRESEMANN,0038,01710,01419,Thoiry,01,,,01419000BV0134,,,23,,,,,,,,,,1,3,Dépendance,,0,,,,,,5.981105,46.2389
2025-11732,2025-11-03,000001,Vente,333500,65,,RUE BRIAND STRESEMANN,0038,01710,01419,Thoiry,01,,,01419000BV0134,,,15,,,,,,,,,,1,3,Dépendance,,0,,,,,,5.981105,46.2389
2025-11813,2025-11-04,000001,Vente,871100,,,ALLEMOGNE,B003,01710,01419,Thoiry,01,,,01419000BX0007,,,,,,,,,,,,,0,,,,,S,sols,,,79,5.983709,46.248197
2025-11813,2025-11-04,000001,Vente,871100,,,ALLEMOGNE,B003,01710,01419,Thoiry,01,,,01419000BX0008,,,,,,,,,,,,,0,,,,,S,sols,,,51,5.983871,46.248201
2025-11813,2025-11-04,000001,Vente,871100,287,,RUE DES SOLDANELLES,0334,01710,01419,Thoiry,01,,,01419000BX0013,,,,,,,,,,,,,0,3,Dépendance,,0,S,sols,,,892,5.98364,46.247665
2025-11813,2025-11-04,000001,Vente,871100,287,,RUE DES SOLDANELLES,0334,01710,01419,Thoiry,01,,,01419000BX0013,,,,,,,,,,,,,0,1,Maison,131,6,S,sols,,,892,5.98364,46.247665
2025-11813,2025-11-04,000001,Vente,871100,287,,RUE DES SOLDANELLES,0334,01710,01419,Thoiry,01,,,01419000BX0013,,,,,,,,,,,,,0,3,Dépendance,,0,S,sols,,,892,5.98364,46.247665
2025-11813,2025-11-04,000001,Vente,871100,,,ALLEMOGNE,B003,01710,01419,Thoiry,01,,,01419000BX0025,,,,,,,,,,,,,0,,,,,S,sols,,,140,5.983861,46.247645
2025-11813,2025-11-04,000001,Vente,871100,,,ALLEMOGNE,B003,01710,01419,Thoiry,01,,,01419000BX0029,,,,,,,,,,,,,0,,,,,S,sols,,,405,5.983943,46.247999
2025-11821,2025-11-28,000001,Vente,495350,6,,IMP DES PRUNIERS,0305,01710,01419,Thoiry,01,,,01419000BK0157,,,,,,,,,,,,,0,1,Maison,87,4,S,sols,,,229,5.968556,46.22861
2025-12051,2025-11-27,000001,Vente,560000,30,,RUE DES MARGUERITES,0221,01710,01419,Thoiry,01,,,01419000BO0316,,,,,,,,,,,,,0,3,Dépendance,,0,S,sols,,,958,5.975294,46.235642
2025-12051,2025-11-27,000001,Vente,560000,30,,RUE DES MARGUERITES,0221,01710,01419,Thoiry,01,,,01419000BO0316,,,,,,,,,,,,,0,1,Maison,98,5,S,sols,,,958,5.975294,46.235642
2025-12058,2025-05-26,000001,Vente,265000,575,,RUE DE L ETRAZ,0125,01710,01419,Thoiry,01,,,01419000BT0313,,,4,67.45,,,,,,,,,1,2,Appartement,60,3,,,,,,5.982963,46.244165
2025-12155,2025-12-01,000001,Vente en l'état futur d'achèvement,275000,,,ALLEMOGNE,B003,01710,01419,Thoiry,01,,,01419000BT0402,,,6,47.13,,,,,,,,,1,,,,,,,,,,5.982225,46.244442
2025-12155,2025-12-01,000001,Vente en l'état futur d'achèvement,275000,,,ALLEMOGNE,B003,01710,01419,Thoiry,01,,,01419000BT0402,,,102,13.9,,,,,,,,,1,,,,,,,,,,5.982225,46.244442
2025-12181,2025-11-21,000001,Vente,368000,27,,RUE DES VERGERS,0367,01710,01419,Thoiry,01,,,01419000BO0052,,,118,74.22,67,,,,,,,,2,3,Dépendance,,0,,,,,,5.976037,46.23651
2025-12181,2025-11-21,000001,Vente,368000,27,,RUE DES VERGERS,0367,01710,01419,Thoiry,01,,,01419000BO0052,,,118,74.22,67,,,,,,,,2,2,Appartement,73,3,,,,,,5.976037,46.23651
2025-12181,2025-11-21,000001,Vente,368000,27,,RUE DES VERGERS,0367,01710,01419,Thoiry,01,,,01419000BO0052,,,96,,,,,,,,,,1,3,Dépendance,,0,,,,,,5.976037,46.23651
2025-12676,2025-12-03,000001,Vente,278000,45,,RUE DES VERGERS,0367,01710,01419,Thoiry,01,,,01419000BO0052,,,135,,171,56.13,,,,,,,2,2,Appartement,56,3,,,,,,5.976037,46.23651
2025-12676,2025-12-03,000001,Vente,278000,45,,RUE DES VERGERS,0367,01710,01419,Thoiry,01,,,01419000BO0052,,,155,,,,,,,,,,1,3,Dépendance,,0,,,,,,5.976037,46.23651
2025-12714,2025-12-10,000001,Vente,735000,75,,RUE DE LA CROTTE DU MOULIN,0085,01710,01419,Thoiry,01,,,01419000BI0009,,,,,,,,,,,,,0,1,Maison,93,3,S,sols,,,815,5.971015,46.226088
2025-12714,2025-12-10,000001,Vente,735000,75,,RUE DE LA CROTTE DU MOULIN,0085,01710,01419,Thoiry,01,,,01419000BI0009,,,,,,,,,,,,,0,1,Maison,93,3,P,prés,,,815,5.971015,46.226088
2025-12714,2025-12-10,000001,Vente,735000,,,LES AGES,B001,01710,01419,Thoiry,01,,,01419000BI0010,,,,,,,,,,,,,0,,,,,VE,vergers,,,175,5.970732,46.226172
2025-12989,2025-12-15,000001,Vente,125757,75,,RUE DE PIERRAZ FRETTAZ,0282,01710,01419,Thoiry,01,,,01419000BM0175,,,10,,,,,,,,,,1,2,Appartement,52,2,,,,,,5.979208,46.231037
2025-12989,2025-12-15,000001,Vente,125757,9001,,RUE DE PIERRAZ FRETTAZ,0282,01710,01419,Thoiry,01,,,01419000BM0175,,,107,,,,,,,,,,1,3,Dépendance,,0,,,,,,5.979208,46.231037
2025-12995,2025-12-03,000001,Vente,360800,219,C,RUE DES HAUTS DE THOIRY,0179,01710,01419,Thoiry,01,,,01419000BR0201,,,7,,,,,,,,,,1,3,Dépendance,,0,,,,,,5.972195,46.240367
2025-12995,2025-12-03,000001,Vente,360800,219,C,RUE DES HAUTS DE THOIRY,0179,01710,01419,Thoiry,01,,,01419000BR0201,,,404,,,,,,,,,,1,3,Dépendance,,0,,,,,,5.972195,46.240367
2025-12995,2025-12-03,000001,Vente,360800,219,C,RUE DES HAUTS DE THOIRY,0179,01710,01419,Thoiry,01,,,01419000BR0201,,,435,,,,,,,,,,1,2,Appartement,59,3,,,,,,5.972195,46.240367
2025-12995,2025-12-03,000001,Vente,360800,219,C,RUE DES HAUTS DE THOIRY,0179,01710,01419,Thoiry,01,,,01419000BR0201,,,427,,,,,,,,,,1,3,Dépendance,,0,,,,,,5.972195,46.240367
2025-13293,2025-12-24,000001,Vente en l'état futur d'achèvement,594000,,,ALLEMOGNE,B003,01710,01419,Thoiry,01,,,01419000BT0402,,,43,,,,,,,,,,1,,,,,,,,,,5.982225,46.244442
2025-13293,2025-12-24,000001,Vente en l'état futur d'achèvement,594000,,,ALLEMOGNE,B003,01710,01419,Thoiry,01,,,01419000BT0402,,,111,,,,,,,,,,1,,,,,,,,,,5.982225,46.244442
2025-13293,2025-12-24,000001,Vente en l'état futur d'achèvement,594000,,,ALLEMOGNE,B003,01710,01419,Thoiry,01,,,01419000BT0402,,,44,,,,,,,,,,1,,,,,,,,,,5.982225,46.244442
2025-13293,2025-12-24,000001,Vente en l'état futur d'achèvement,594000,,,ALLEMOGNE,B003,01710,01419,Thoiry,01,,,01419000BT0402,,,110,,,,,,,,,,1,,,,,,,,,,5.982225,46.244442
2025-13314,2025-12-23,000001,Vente,390000,141,,RUE DE PIERRAZ FRETTAZ,0282,01710,01419,Thoiry,01,,,01419000BM0175,,,4,,,,,,,,,,1,2,Appartement,82,3,,,,,,5.979208,46.231037
2025-13314,2025-12-23,000001,Vente,390000,9001,,RUE DE PIERRAZ FRETTAZ,0282,01710,01419,Thoiry,01,,,01419000BM0175,,,88,,,,,,,,,,1,3,Dépendance,,0,,,,,,5.979208,46.231037
